Ego,Alter1
Martin Garrix,AREA21
David Guetta,AFROJACK
David Guetta,Chris Willis
David Guetta,Jack Back
David Guetta,MORTEN
David Guetta,Sia
Dimitri Vegas & Like Mike,Bassjackers
24hrs,DJ JAM
24hrs,MadeinTYO
24hrs,DJ Drama
24hrs,Slick LaFlare
2WEI,Ali Christenhusz
2WEI,Edda Hayes
A Boogie Wit da Hoodie,Don Q
A Touch Of Class,Le Koma
Above & Beyond,Darren Tate
Above & Beyond,Richard Bedford
Above & Beyond,Zoë Johnston
Above & Beyond,OceanLab
AFROJACK,NLW
Alan Walker,K-391
Alex M.O.R.P.H.,Woody van Eyden
Aloe Blacc,Cradle Orchestra
Aloe Blacc,Emanon
Aloe Blacc,Exile
ALOTT,VIZE
Aly & Fila,Daxson
Aly & Fila,Philippe El Sisi
Aly & Fila,Omar Sherif
Aly & Fila,Craig Connelly
Aly & Fila,The Noble Six
Aly & Fila,Milkwish
Aly & Fila,Dylhen
Aly & Fila,Fuenka
Aly & Fila,Paul Thomas
Aly & Fila,James Dymond
Aly & Fila,Andrea Ribeca
Aly & Fila,Dan Stone
Aly & Fila,Roger Shah
Aly & Fila,Carin Leon
Aly & Fila,Paul Denton
Aly & Fila,Stoneface & Terminal
Aly & Fila,Sue McLaren
Aly & Fila,Dim3nsion
Aly & Fila,Ciaran McAuley
Ana Criado,Stoneface & Terminal
Ana Criado,Beat Service
Ana Criado,Adrian&Raz
Ana Criado,Ronski Speed
Antoine Clamaran,Agua Sin Gas
Anuel AA,Ozuna
Armando Manzanero,Eje Ejecutantes de México
Armando Manzanero,Armando Baez
Armando Manzanero,Tania Libertad
Armando Manzanero,Marco Antonio Denis
Armando Manzanero,Angelica Maria
Armando Manzanero,Miloš Karadaglić
Armando Manzanero,Susana Zabaleta
Barbara Tucker,Georgie Porgie
Barbara Tucker,Tuccillo
Barbara Tucker,Blaze
Barbara Tucker,U.D.A.U.F.L.
Bebe Rexha,David Guetta
Benny Benassi,The Biz
Bad Bunny,J Balvin
Black Coffee,Martine Thomas
Black Coffee,Daniele di Bonaventura
Blank & Jones,Julian & Roman Wasserfuhr
Blank & Jones,Piet Blank
Blank & Jones,Andy Kaufhold
Blank & Jones,Jaspa Jones
Blank & Jones,Marcus Loeber
Blank & Jones,Mike Francis
Blank & Jones,Jason Caesar
Blank & Jones,Martin Roth
Bo Bruce,Equador
Brennan Heart,Blademasterz
Brennan Heart,TNT
Bruno Mars,Anderson .Paak
Bruno Mars,Silk Sonic
Bruno Martini,Mayra
Calvin Harris,Funk Wav
Calvin Harris,Love Regenerator
Carin Leon,El Mimoso Luis Antonio López
Carin Leon,"Luis Angel ""El Flaco"""
Cathy Burton,Kaimo K
Cathy Burton,Julian Vincent
"Cerf, Mitiska & Jaren",Cerf
"Cerf, Mitiska & Jaren",Mitiska
"Cerf, Mitiska & Jaren",Jaren
Charles Bradley,Menahan Street Band
Cheat Codes,PRINCE$$ ROSIE
Chris Brown,Young Thug
Chris Brown,Tyga
Coone,Da Tweekaz
Coone,Hard Driver
Cosmic Gate,Emma Hewitt
Crystal Waters,StoneBridge
Crystal Waters,Sted-E & Hybrid Heights
Dairon La Formula,The Yabo
David Bowie,John Hutchinson
David Bowie,Tin Machine
David Bowie,Sergei Prokofiev
David Bowie,Eugene Ormandy
David Bowie,Benjamin Britten
David Bowie,Philadelphia Orchestra
David Forbes,Hal Stucker
DMX,Blackburner
Dimitri Vegas,Bassjackers
Dirty South,Rudy
Djay W,MC Ryan SP
Djay W,MC Joãozinho VT
Dmitriy Mityukhin,Twisted Jukebox
Drake,21 Savage
Drake,Future
Drake,Lil Wayne
Edward Maya,Vika Jigulina
Eric Vloeimans,Dirk-Peter Kölsch
Eric Vloeimans,Jörg Brinkmann
Eric Vloeimans,Ravelli Brass
Eric Vloeimans,Arie den Boer
Eric Vloeimans,Egbert Derix
Eric Vloeimans,Will Holshouser
Eric Vloeimans,Boelie Vis
Eric Vloeimans,Raaf Hekkema
Eric Vloeimans,Calefax Reed Quintet
Eric Vloeimans,Jasper Van Hulten
Eric Vloeimans,Gulli Gudmundsson
Eric Vloeimans,Juan Pablo Dobal
Eric Vloeimans,Sytze Pruiksma
Eric Vloeimans,Holland Baroque
Eric Vloeimans,Tuur Florizoone
Eric Vloeimans,Martin Fondse
Eric Vloeimans,Jurjen Hempel
Eric Vloeimans,Netherlands Symphony Orchestra
Eric Vloeimans,Kytecrash
Eric Vloeimans,Colin Benders
Eric Vloeimans,Kyteman
Eric Vloeimans,Gatecrash
Eric Vloeimans,Matangi Quartet
Eric Vloeimans,Eric Vloeimans Quartet
Eric Vloeimans,Michel Banabila
Eric Vloeimans,John Taylor
Eric Vloeimans,Marc Johnson
Eric Vloeimans,Joey Baron
Eric Vloeimans,Eric Vloeimans' Fugimundi
Eric Vloeimans,Gábor Winand
Eric Vloeimans,Ramon Valle
Eric Vloeimans,Anton Goudsmit
Eric Vloeimans,Arnold Dooyeweerd
Eric Vloeimans,Pieter Bast
Eva Shaw,Kris the $pirit
Eva Shaw,Db Bantino
Faithless,R Plus
Faithless,Amelia Fox
Faithless,Rollo Armstrong
Faithless,Sister Bliss
Fatum,Judah
Fedde Le Grand,Camille Jones
Felix Da Housecat,Aphrohead
Ferry Corsten,Kosmonova
Ferry Corsten,Dim3nsion
Ferry Corsten,Gouryella
Ferry Corsten,Betsie Larkin
Fetty Wap,Monty
Fetty Wap,French Montana
Fiora,Gemini Rising
Fiora,Tensnake
Flo Rida,AP3
Frenna,Jonna Fraser
Frenna,Priceless
Frenna,Diquenza
Gabriel & Dresden,Sub Teal
Gareth Emery,Ashley Wallbridge
Gaullin,Lucky Luke
GLOWINTHEDARK,Philly Moré
GLOWINTHEDARK,SFB
Gucci Mane,Young Dolph
Gucci Mane,OJ Da Juiceman
Gucci Mane,2 Chainz
Gucci Mane,BiC Fizzle
Gucci Mane,BigWalkDog
Gucci Mane,Big Scarr
Gucci Mane,Hotboy Wes
Gucci Mane,Enchanting
Gucci Mane,Peewee Longway
Gucci Mane,Quavo
Gucci Mane,Pooh Shiesty
Gucci Mane,Foogiano
Gucci Mane,Future
Gucci Mane,Young Thug
Gucci Mane,Kevin Gates
Gucci Mane,Migos
Gucci Mane,Nicki Minaj
Gucci Mane,Don Mega
Gucci Mane,Young Scooter
Gucci Mane,Verse Simmonds
Gucci Mane,Waka Flocka Flame
Gucci Mane,Chief Keef
Gucci Mane,C-Note
Gucci Mane,Rich Homie Quan
Gucci Mane,Jose Guapo
Gucci Mane,MPA Duke
Gucci Mane,Yo Gotti
Gucci Mane,Rocko
Gucci Mane,Frenchie
Gucci Mane,Wooh da Kid
Gucci Mane,DJ Ace
Gucci Mane,Slim Dunkin
Gucci Mane,Figg Panamera
Gucci Mane,V-Nasty
Gucci Mane,Tapemasters Inc and Gucci Mane
Gunna,Young Thug
Gunna,Lil Baby
Gunna,Young Stoner Life
HI-LO,Oliver Heldens
Inner City,Steffanie Christi'an
Inner City,Kevin Saunderson
J Balvin,Bad Bunny
Jan Vayne,Petra Berger
Joachim Garraud,Chris Willis
Joachim Garraud,Ridwello
John Legend,The Roots
Kelly Clarkson,Jason Nevins
Kelly Rowland,Kris Bowers
Kim Petras,Nicki Minaj
Ladysmith Black Mambazo,Ella Spira
Lil Wayne,Drake
Lil Wayne,Rich The Kid
Lil Wayne,Future
Lil Wayne,Birdman
Maino,Lobby Boyz
Maino,Jim Jones
Maino,Uncle Murda
Mark Sixma,M6
Markus Schulz,Daxson
Markus Schulz,Giuseppe Ottaviani
Markus Schulz,Adina Butar
Markus Schulz,Dakota
Matoma,The Vamps
Mike Shinoda,Joseph Trapanese
Mike Shinoda,Fort Minor
Mike Shinoda,Styles Of Beyond
Miss Bashful,MCR-T
Miss Bashful,DBBD
Nicki Minaj,Lil Wayne
Nicky Romero,Monocule
P.O.S,Four Fists
P.O.S,Astronautalis
P.O.S,Sims
P.O.S,Shredders
Paul Oakenfold,Cassandra Fox
Paul Oakenfold,Disfunktion
Prezioso,Andrea Prezioso
Prezioso,Marvin
Ray Wilson,Guaranteed Pure
Ray Wilson,Stiltskin
Ray Wilson,The Berlin Symphony Ensemble
RAYE,The Heritage Orchestra
ReOrder,Crowd+Ctrl
Richard Bedford,Above & Beyond
Richard Durand,Neev Kennedy
Rihanna,Dave Audé
Rihanna,JAY-Z
Rihanna,Chew Fu
Shato,Shaboozey
Sia,Labrinth
Sia,Diplo
Sidney Samson,Sjaak
Sidney Samson,Lady Bee
Simone & Simaria,Simone Mendes
Simone & Simaria,Simaria
Simone & Simaria,Agnaldo Gomes
Skylar Grey,lonelyboy
Sleazy Stereo,Kinoh
Snoop Dogg,MOUNT WESTMORE
Snoop Dogg,Ice Cube
Snoop Dogg,E-40
Snoop Dogg,Too $hort
Snoop Dogg,DJ Drama
Snoop Dogg,Kurupt
Snoop Dogg,Daz Dillinger
Snoop Dogg,October London
Snoop Dogg,Nate Dogg
Snoop Dogg,Wiz Khalifa
Snoop Dogg,Tha Dogg Pound
Snoop Dogg,Kokane
Snoop Dogg,Charlie Wilson
Snoop Dogg,DāM-FunK
Snoop Dogg,7 Days Of Funk
Snoop Dogg,JT The Bigga Figga
Sophie Ellis-Bextor,Theaudience
Speedy J,Chris Liebing
Steve Aoki,Wynter Gordon
Susana Baca,Papá Roncón
Thailand Philharmonic Orchestra,Tattoo Colour
The Egg,Az-Ra
Tiësto,Allure
W&W,NWYR
